experiment_type,dataset,plot_type,horizon,seed,mode,depth_cnn,depth_gru,cka_s,cka_m,cka_d,cka_diag_mean,cka_full_mean,n_pairs,nan_frac
W1,ETTh1,cka_heatmap,96,42,per_layer,7,7,0.8267449954158028,0.8979891912802062,0.9115976696348712,0.8863285322827047,0.864861060304872,49,0.0
W1,ETTh1,cka_heatmap,96,42,last_layer,7,7,0.6943360133294636,0.4163884920782879,0.3223875604840499,0.4556293490642925,0.4545742983545052,49,0.0
W1,ETTh1,cka_heatmap,192,42,per_layer,7,7,0.8655932704761902,0.9524567503595944,0.9232096174630232,0.920058000660708,0.888070898528136,49,0.0
W1,ETTh1,cka_heatmap,192,42,last_layer,7,7,0.6569300962456617,0.3450839761165269,0.244693508807667,0.3912947976064287,0.3905247997986164,49,0.0
W1,ETTh1,cka_heatmap,336,42,per_layer,7,7,0.8835619038405107,0.955459970223244,0.8968469680585797,0.9160381036248292,0.8641731079180398,49,0.0
W1,ETTh1,cka_heatmap,336,42,last_layer,7,7,0.688413144695768,0.4268253861032683,0.4629741007071438,0.5178005241619795,0.5150500956257318,49,0.0
W1,ETTh1,cka_heatmap,720,42,per_layer,7,7,0.7959008698753693,0.8742834985330632,0.898291509984264,0.8676066851319081,0.8342724580156292,49,0.0
W1,ETTh1,cka_heatmap,720,42,last_layer,7,7,0.6738417872129028,0.41086128537862854,0.48591593584410286,0.5184364830556445,0.5170131246291929,49,0.0
