experiment_type,dataset,plot_type,horizon,seed,mode,grad_align_s,grad_align_m,grad_align_d,grad_align_mean
W1,ETTh1,grad_align_bar,96,42,per_layer,-0.0050270902894795,0.006472451118315,0.0017682838273957,0.0011707961628368
W1,ETTh1,grad_align_bar,96,42,last_layer,-0.0021986987912369,-0.002928914418603,-0.002077411798344,-0.002355351687816
W1,ETTh1,grad_align_bar,192,42,per_layer,0.0063378313201636,-0.0044109195556623,-0.004508977799889,-0.0013818728386663
W1,ETTh1,grad_align_bar,192,42,last_layer,-0.00254385694155,-0.0024566894978175,-0.0024174233099515,-0.0024647661155128
W1,ETTh1,grad_align_bar,336,42,per_layer,0.0039886376649928,0.0016692543332032,0.0034886433503715,0.0031116734353581
W1,ETTh1,grad_align_bar,336,42,last_layer,0.0049794650342951,-0.0003570742855375,-0.0074702791489142,-0.0018808651356039
W1,ETTh1,grad_align_bar,720,42,per_layer,-0.014124659320591,0.0060417521574012,0.0030042490762215,-0.0010218667282449
W1,ETTh1,grad_align_bar,720,42,last_layer,0.004921539725805031,-0.0007788235647099157,0.0064739536341524295,0.003958184746378217
