dataset,horizon,seed,mode,model_tag,experiment_type,mse_std,mse_real,rmse,mae,mae_std,cg_pearson_mean,cg_spearman_mean,cg_dcor_mean,cg_event_gain,cg_event_hit,cg_maxcorr,cg_bestlag,gc_kernel_tod_dcor,gc_feat_tod_dcor,gc_feat_tod_r2,gc_kernel_feat_dcor,gc_kernel_feat_align,w1_cka_similarity_cnn_gru,w1_layerwise_upward_improvement,w1_inter_path_gradient_align,cka_s,cka_m,cka_d,cka_diag_mean,cka_full_mean,grad_align_s,grad_align_m,grad_align_d,grad_align_mean
ETTh1,96,42,per_layer,HyperConv,W1,0.4285098910331726,9.395216941833496,3.06516181331973,1.8119992017745967,0.2314158797152642,-0.1007349044084549,-0.0646381601691246,0.2332727791333051,1.0007736927901325,0.1862980769230769,0.6425466428203912,-0.7902644230769231,0.7051337355131239,0.8109505039784677,0.0141186905982285,0.999999999,0.999999999,0.1399425644926252,0.0174066698679113,-0.0165857058018445,0.8267449954158028,0.8979891912802062,0.9115976696348712,0.8863285322827047,0.864861060304872,-0.0050270902894795,0.006472451118315,0.0017682838273957,0.0011707961628368
ETTh1,96,42,last_layer,HyperConv,W1,0.4991374015808105,10.211495399475098,3.1955430523582526,1.925910711288452,0.2717895732538386,,,,,,,,,,,,,0.3844702895208897,,-0.0081751998513937,0.6943360133294636,0.4163884920782879,0.3223875604840499,0.4556293490642925,0.4545742983545052,-0.0021986987912369,-0.002928914418603,-0.002077411798344,-0.002355351687816
ETTh1,192,42,per_layer,HyperConv,W1,0.4974849820137024,10.097611427307127,3.17767390197722,1.92502510547638,0.2409161953005755,-0.0723059996962547,-0.0470249205827713,0.2286794511507918,1.0217650422445417,0.2080965909090909,0.6420203880651022,-0.6228693181818182,0.6667813300839192,0.7967841440029051,0.0135242297973038,0.999999999,0.999999999,0.1476427976721522,0.0174066698679113,0.0010255725355818,0.8655932704761902,0.9524567503595944,0.9232096174630232,0.920058000660708,0.888070898528136,0.0063378313201636,-0.0044109195556623,-0.004508977799889,-0.0013818728386663
ETTh1,192,42,last_layer,HyperConv,W1,0.538892388343811,10.818700790405272,3.2891793490786227,1.9856674671173096,0.2784139853215585,,,,,,,,,,,,,0.4118946240886855,,-0.0042754830792546,0.6569300962456617,0.3450839761165269,0.244693508807667,0.3912947976064287,0.3905247997986164,-0.00254385694155,-0.0024566894978175,-0.0024174233099515,-0.0024647661155128
ETTh1,336,42,per_layer,HyperConv,W1,0.5721154808998108,10.953782081604004,3.309649842748324,2.036759614944458,0.2596713397974713,-0.0920741334557533,-0.0438134931027889,0.2284221977065327,0.9964417768642306,0.1922743055555555,0.6434100834641343,-0.4496527777777778,0.6585444132664747,0.8187645145339751,0.0150950833171172,0.999999999,0.999999999,0.1597636507712222,0.0174066698679113,0.0127412034198641,0.8835619038405107,0.955459970223244,0.8968469680585797,0.9160381036248292,0.8641731079180398,0.0039886376649928,0.0016692543332032,0.0034886433503715,0.0031116734353581
ETTh1,336,42,last_layer,HyperConv,W1,0.6193379163742065,12.17463493347168,3.4892169513333045,2.1242051124572754,0.2898791045814969,,,,,,,,,,,,,0.4547535079850496,,0.0036829279270023,0.688413144695768,0.4268253861032683,0.4629741007071438,0.5178005241619795,0.5150500956257318,0.0049794650342951,-0.0003570742855375,-0.0074702791489142,-0.0018808651356039
ETTh1,720,42,per_layer,HyperConv,W1,0.5865061283111572,10.124646186828612,3.181924918477589,1.986430048942566,0.0542072653770446,0.0060956981033086,0.12175814807415,0.1846395834602247,1.1117222905158997,0.181640625,0.6468457745792064,-0.13671875,0.7225750316140699,0.8954201980414331,0.0319180628448042,0.999999999,0.999999999,0.3924481660811631,0.0174066698679113,0.0097862649708986,0.7959008698753693,0.8742834985330632,0.898291509984264,0.8676066851319081,0.8342724580156292,-0.014124659320591,0.0060417521574012,0.0030042490762215,-0.0010218667282449
ETTh1,720,42,last_layer,HyperConv,W1,0.660610020160675,11.766470909118652,3.430228987854696,2.1138978004455566,0.11963850259780884,,,,,,,,,,,,,0.7660167597114733,,0.007216442842036486,0.6738417872129028,0.41086128537862854,0.48591593584410286,0.5184364830556445,0.5170131246291929,0.004921539725805031,-0.0007788235647099157,0.0064739536341524295,0.003958184746378217
